Early December winter storm,2017120700,2017121100
January 2018 North American blizzard,2018010312,2018010600
First nor'easter,2018030100,2018030400
Second nor'easter,2018030700,2018031000
Third nor'easter,2018031200,2018031600
Fourth nor'easter,2018032000,2018032300
Late March snow band,2018032300,2018032600
Early March midwest,2018030500,2018030900
Late February north,2018021800,2018022600
Early February band,2018020300,2018021300
Late January plains,2018011900,2018012400
End of year Montana,2017122700,2017123100